contact_id,contactname,email,phone,contact_address,birthday
1,bpaine0,ofletcher0@tamu.edu,546-323-6169,25864 Nancy Crossing,10/13/2023
2,mduhamel1,wrudram1@bluehost.com,959-618-3151,8 Petterle Junction,05/17/2023
3,bbeining2,cwiddop2@berkeley.edu,641-154-6412,7 Merchant Way,04/11/2021
4,wmelin3,emeach3@symantec.com,603-752-9059,9 Northfield Crossing,02/10/2023
5,ktorbard4,cmattes4@cnet.com,883-296-0893,9288 Bultman Road,08/29/2023
6,dbyrd5,bdeveraux5@weather.com,872-291-4072,0 Fordem Place,11/28/2022
7,ndiamond6,tdoblin6@themeforest.net,801-958-3944,00 Eagan Alley,08/13/2021
8,vsumpter7,jredon7@domainmarket.com,162-872-4760,7068 Kedzie Terrace,02/24/2022
9,leuels8,apelz8@blogs.com,146-225-4730,609 Talmadge Junction,09/30/2022
10,rgreatreax9,ajeves9@com.com,820-651-4528,6 Novick Hill,02/09/2023
11,croundtreea,jivela@nsw.gov.au,561-202-9659,10533 Warbler Alley,06/30/2021
12,delmhurstb,lparrishb@sun.com,432-393-2869,252 Monica Street,01/17/2021
13,corknayc,fchattockc@xrea.com,439-756-0546,09688 Ryan Point,06/11/2023
14,jbernadzkid,kiacominid@addthis.com,599-853-8411,53 Sloan Junction,01/07/2021
15,dcrostone,mlovelesse@wp.com,189-596-4448,055 Novick Alley,07/24/2021
16,ccraighillf,lskylettf@studiopress.com,572-804-8632,47 Logan Lane,01/12/2023
17,nothamg,tfawcknerg@tiny.cc,238-950-3324,45420 Everett Parkway,04/18/2023
18,rgrigorinih,acaffertyh@intel.com,818-862-8112,1350 Grim Hill,12/22/2020
19,lzienkiewiczi,pbothbiei@answers.com,667-421-1868,442 Armistice Hill,04/15/2022
20,hlidgleyj,mhaguej@hexun.com,785-203-9988,30335 Ronald Regan Center,07/01/2021
21,dtudgayk,dgierhardk@plala.or.jp,947-684-6479,16439 Derek Way,02/10/2021
22,rbeechl,fcaryl@paginegialle.it,701-629-9437,83 Shopko Trail,01/10/2021
23,llyverm,lagassm@arstechnica.com,263-669-5507,95631 Summerview Trail,06/11/2022
24,aferriesn,tcarnn@goo.ne.jp,553-812-0859,29 Coolidge Pass,06/03/2020
25,togavino,ajandao@tinypic.com,630-656-1361,56894 Buena Vista Trail,08/06/2020
26,ccopellip,dwoodrupp@abc.net.au,261-262-3276,64967 Golf View Terrace,06/27/2020
27,mpiechaq,ahugkq@geocities.com,537-369-9731,1467 Holy Cross Court,01/04/2022
28,cmaccarlichr,jmanviller@theglobeandmail.com,403-416-4027,18 Sachs Avenue,09/13/2021
29,emcquilliams,fpruckners@theatlantic.com,170-341-0050,71 Sherman Way,03/21/2022
30,enorthgravest,pwinnettt@imgur.com,251-752-1324,1 Amoth Terrace,05/12/2023
31,bwasylkiewiczu,oradnedgeu@virginia.edu,600-164-5556,5 Havey Court,06/18/2021
32,iprisleyv,jsapsonv@topsy.com,969-579-8530,3135 Acker Drive,08/26/2020
33,smoreinisw,nseddonw@microsoft.com,834-917-3671,980 Dottie Park,12/17/2020
34,sfaseyx,mlafranconix@ustream.tv,193-146-4741,005 Schiller Junction,04/15/2021
35,cmcgennisy,kpengilleyy@geocities.com,463-574-0561,85715 Dorton Way,08/10/2021
36,tchesleyz,kgowlettz@google.co.jp,298-622-3233,5998 Loftsgordon Place,04/19/2021
37,kpietrzyk10,mbellelli10@twitter.com,712-373-3051,588 Fair Oaks Trail,09/15/2021
38,ajosham11,pblanking11@dailymotion.com,179-314-1056,402 Anthes Point,09/28/2023
39,achishull12,mgraysmark12@epa.gov,216-841-0333,0 Mariners Cove Trail,09/24/2021
40,zpitts13,glinning13@senate.gov,758-848-4315,6 Kennedy Alley,07/04/2023
41,ahlavac14,shundal14@spiegel.de,274-694-0877,09 Tomscot Place,04/29/2023
42,cbliss15,hshawley15@sbwire.com,674-710-6935,00 Lakewood Gardens Street,02/13/2020
43,fmccolm16,hmckern16@geocities.jp,566-240-9089,7689 Fair Oaks Pass,10/15/2022
44,plevane17,aprugel17@fema.gov,459-862-4122,459 Straubel Court,05/15/2021
45,byouel18,aelam18@theguardian.com,837-148-0840,2373 Transport Place,12/21/2022
46,scockley19,pchitty19@deliciousdays.com,443-511-6018,56 Independence Street,12/17/2022
47,kcanham1a,asapwell1a@studiopress.com,435-379-1258,17 Namekagon Crossing,11/08/2021
48,ebreissan1b,grankine1b@aboutads.info,814-448-3550,640 Hanson Pass,05/17/2023
49,bbristoe1c,mfonte1c@illinois.edu,416-122-8608,1049 Forest Run Place,02/16/2020
50,nbudnik1d,zwason1d@engadget.com,982-528-4996,3 Center Court,10/25/2022
51,slittlejohn1e,ablaber1e@instagram.com,614-991-0453,81 Chinook Place,08/31/2021
52,bvalero1f,zmoakson1f@yellowbook.com,219-444-6193,067 Ruskin Pass,09/14/2020
53,lpeddersen1g,skington1g@geocities.jp,813-666-7738,5173 Pine View Circle,08/14/2020
54,dtwycross1h,aretter1h@comsenz.com,546-575-2624,01 Del Mar Junction,06/18/2021
55,htaysbil1i,ocromblehome1i@webmd.com,414-156-5183,7509 Park Meadow Place,07/05/2021
56,rmctavy1j,cminmagh1j@newyorker.com,364-236-2733,90 Meadow Vale Pass,04/22/2023
57,ylyford1k,tmcarley1k@123-reg.co.uk,204-102-9327,336 Carberry Hill,07/11/2023
58,ofiveash1l,crust1l@japanpost.jp,654-630-5873,4 Johnson Point,05/31/2022
59,ablanc1m,egrebert1m@boston.com,130-873-9269,1 Green Street,02/19/2020
60,jwestwood1n,mzemler1n@barnesandnoble.com,632-990-1079,7774 Basil Road,05/28/2022
61,lramas1o,awenderott1o@ning.com,609-937-7251,7372 Oriole Junction,11/19/2020
62,sfraschini1p,bsnailham1p@msu.edu,319-754-9757,1 Ridge Oak Lane,05/11/2020
63,vfavill1q,gcastiglione1q@blogtalkradio.com,720-338-9665,8671 Golf Trail,05/21/2023
64,fplum1r,beplate1r@house.gov,760-105-4315,864 Fair Oaks Drive,08/27/2021
65,telt1s,gkitto1s@sina.com.cn,381-951-9626,2779 Stang Parkway,02/15/2023
66,tfranzen1t,jyorston1t@un.org,112-669-3578,8513 Westerfield Park,03/20/2020
67,jnewis1u,jackers1u@wsj.com,799-519-9150,99 Rieder Alley,02/06/2022
68,jaspling1v,odeerness1v@hatena.ne.jp,163-460-6060,327 Muir Lane,04/17/2020
69,gshearmur1w,mobrogane1w@cnbc.com,661-334-0087,797 Ryan Point,11/26/2020
70,mleadbeatter1x,eslott1x@123-reg.co.uk,813-197-5475,41126 Ronald Regan Pass,04/12/2021
71,kalthorpe1y,brackam1y@lulu.com,192-432-1482,421 Oneill Junction,12/05/2021
72,zbutts1z,jshirland1z@chron.com,181-768-0877,15414 Lien Parkway,10/08/2021
73,dbrookhouse20,trighy20@bing.com,299-300-4294,950 Derek Circle,05/16/2022
74,bfreckingham21,lglencrosche21@washingtonpost.com,809-654-4821,1561 Sommers Lane,03/15/2020
75,roatley22,jarnald22@github.io,174-963-3654,3286 Mccormick Alley,12/08/2022
76,scarnow23,ldower23@lycos.com,903-806-0323,55297 Bultman Way,04/04/2021
77,vsharrock24,bcorington24@cargocollective.com,329-930-9993,9437 Carey Way,10/25/2020
78,scardillo25,sbryer25@com.com,607-875-6148,32997 Chinook Lane,11/27/2020
79,mhoofe26,zcatlow26@nytimes.com,962-647-3282,612 Montana Street,06/26/2023
80,wbrumfield27,amasse27@storify.com,459-579-4915,32573 Northport Hill,03/17/2021
81,pkrolman28,qbellord28@scribd.com,389-270-3541,601 Farmco Terrace,01/28/2023
82,gkerss29,xochiltree29@smh.com.au,508-926-8905,5 Birchwood Alley,08/06/2022
83,kmowen2a,rstonnell2a@addthis.com,304-968-4530,51 Bultman Place,03/18/2023
84,afrancescone2b,mdougherty2b@lulu.com,954-216-4105,91171 Eagan Place,01/13/2023
85,cwent2c,wnaerup2c@list-manage.com,601-526-5943,54 Sutteridge Circle,10/15/2023
86,msynnott2d,olynde2d@cnet.com,271-878-7903,54 Armistice Park,09/08/2021
87,gelmhurst2e,swordsworth2e@github.io,343-244-2666,00541 Bashford Center,06/17/2023
88,mduncanson2f,owiszniewski2f@seesaa.net,685-565-2619,81 Fremont Park,10/02/2022
89,nsteinson2g,gsherebrooke2g@thetimes.co.uk,157-988-0461,0656 Moland Point,02/17/2021
90,lettels2h,jhawthorne2h@hostgator.com,356-544-1245,14 Schiller Drive,03/19/2021
91,dmacknight2i,utethacot2i@storify.com,647-851-4814,34346 Merchant Terrace,08/21/2022
92,gvidloc2j,npettiward2j@xinhuanet.com,141-290-8318,460 Novick Center,07/27/2023
93,hcoultass2k,bpowdrill2k@yolasite.com,126-403-2401,41942 Anniversary Terrace,05/30/2022
94,vgerlts2l,spaszak2l@mozilla.com,455-856-9041,23 Del Sol Pass,12/26/2022
95,dskelhorn2m,fescalera2m@google.es,769-278-4176,6 Carey Street,03/06/2023
96,gcamolli2n,mmiskin2n@guardian.co.uk,916-225-2394,42 Shoshone Point,09/06/2020
97,lhalfacre2o,glagrange2o@odnoklassniki.ru,522-521-1337,3393 International Terrace,07/26/2022
98,pcharity2p,brolles2p@paginegialle.it,766-271-9637,40190 Alpine Hill,06/06/2023
99,knunn2q,flamie2q@google.co.jp,949-263-3712,66 Westridge Plaza,11/10/2020
100,tmonget2r,rnayshe2r@blogger.com,197-232-1084,4 Carey Trail,01/31/2020
