email_id,email_title,sender_id,email_created_time,email_sending_time,content,receiver_email_id,attachment_id,status
1,Angel and the Badman,1,2023-01-09 17:06:29,2023-06-27 14:46:45,congue etiam justo etiam pretium iaculis justo in hac habitasse,1,1,CO
2,Blues Brothers 2000,2,2023-01-19 09:03:52,2023-05-07 12:18:03,nascetur ridiculus mus etiam vel augue vestibulum rutrum rutrum neque,2,2,VE
3,Cat Ballou,3,2022-11-15 18:39:08,2023-06-23 23:54:39,sit amet cursus id turpis integer aliquet massa id lobortis convallis tortor,3,3,BD
4,Josephine,4,2023-01-31 04:22:58,2023-06-23 03:20:10,varius nulla facilisi cras non velit nec nisi vulputate nonummy maecenas tincidunt,4,4,PA
5,Stonewall Uprising,5,2022-10-29 10:04:51,2023-09-26 12:08:54,a odio in hac habitasse platea dictumst maecenas ut massa quis augue,5,5,GD
6,Sudden Fear,6,2023-01-02 16:35:34,2023-08-26 16:51:31,mollis molestie lorem quisque ut erat curabitur gravida nisi at nibh in hac habitasse platea,6,6,KE
7,A Second Chance,7,2023-01-19 14:08:14,2023-06-14 15:34:14,amet diam in magna bibendum imperdiet nullam orci pede venenatis non sodales sed tincidunt,7,7,ZA
8,Five Graves to Cairo,8,2022-11-10 21:50:20,2023-05-02 01:58:22,scelerisque quam turpis adipiscing lorem vitae mattis nibh ligula nec sem duis aliquam convallis nunc,8,8,PG
9,Prizzi's Honor,9,2022-10-31 13:13:24,2023-09-03 02:21:18,in magna bibendum imperdiet nullam orci pede venenatis non sodales sed tincidunt eu felis,9,9,BR
10,Mongolian Ping-Pong (LÃ¼ cao di),10,2022-11-23 17:26:56,2023-07-31 05:34:56,quam pharetra magna ac consequat metus sapien ut nunc vestibulum ante ipsum primis in faucibus,10,10,CA
