user_id,username,password,email,phone,address,birthday
1,krodolfi0,iC41krb),laltimas0@examiner.com,465-449-0001,772 Michigan Place,07/17/2023
2,arichard1,vB7+uAtI<_Es$,acristofol1@yelp.com,310-168-5586,70 Reinke Avenue,06/16/2021
3,klusgdin2,bQ8mqV)yK3)GCy,alongstreet2@mediafire.com,362-695-3197,0317 Hovde Circle,06/02/2021
4,cvasyukhin3,bG6obC$qic,mollive3@kickstarter.com,137-821-5275,61 Johnson Place,11/14/2022
5,avardon4,"dU5hGL,d%B*C",jgonnelly4@tmall.com,322-920-0782,26938 Burning Wood Trail,07/17/2022
6,gsheeran5,fN1%&<pR(!PO,lnozzolii5@wsj.com,584-640-0946,357 Thackeray Point,05/24/2020
7,gjentgens6,"oJ8H1n""Dt=_>HNoy",gravenhill6@boston.com,488-350-9710,30080 Drewry Place,10/06/2020
8,besseby7,"yR5c&%,%",smaith7@edublogs.org,562-797-8430,5597 Starling Way,04/20/2022
9,lfury8,kQ2+>5b@mE=E~Bs,wcatonne8@google.ca,196-295-3257,412 Meadow Vale Point,10/14/2020
10,kmadsen9,eS6*?x|(3\\,anorres9@elegantthemes.com,909-137-3515,16280 Banding Way,10/20/2022
11,trowbothama,eS9N`kSmTE7.tvsT,tconahya@google.com,923-305-8390,5743 Clyde Gallagher Street,09/01/2022
12,jfurneauxb,qK4mZ+~0,llettb@yahoo.com,251-862-5679,7284 Corben Hill,02/10/2020
13,bscaddenc,vH68B7XjQVtY?x,wgoddenc@reuters.com,709-838-0811,2 Michigan Park,02/18/2021
14,bbrightwelld,dO5ked@A,rtesmondd@shop-pro.jp,233-836-5970,52336 Center Avenue,02/17/2020
15,scottagee,bF8AK8P?,smackneye@nymag.com,422-149-4529,33303 Quincy Hill,07/16/2021
16,rchristofef,hK5vQscehh`YFIXK,kstebbingsf@nhs.uk,863-443-1062,68 Upham Trail,08/04/2022
17,wbolstridgeg,uU9{8p&GRXi,bbygreavesg@auda.org.au,382-352-0323,837 Gina Lane,07/16/2022
18,spaffoth,mE3Z~rqLl0,bfawdrieh@google.co.jp,148-998-9781,752 Victoria Parkway,01/05/2022
19,asparsholti,mF90!0H(!M,ddanai@netlog.com,985-443-1522,77 Gale Way,07/17/2021
20,creucastlej,kC2}6$Kd,rhabbinj@liveinternet.ru,710-439-4344,17 Waywood Street,05/27/2023
21,gsambellk,aK1P_(80OK|@,hmcgorleyk@npr.org,240-116-0015,32416 Esker Terrace,02/23/2023
22,aconnochiel,dK7?Kf<P_QX<9{,thaldenl@e-recht24.de,281-743-5566,2726 Mockingbird Center,05/17/2022
23,fconaghanm,hC7|EJABK?9UT,celderidgem@dot.gov,715-855-4451,4057 Mosinee Parkway,02/02/2022
24,lverrechian,sO3J7B2M8<L751L,bborgnetn@nbcnews.com,607-126-0194,27989 Elka Hill,06/07/2022
25,nroperto,"nS4MI=U<.,_I*H>",sdellenbrooko@ask.com,268-692-6639,74121 Dahle Crossing,01/09/2022
26,umarchingtonp,xK8YY$D?AWq,cvinckp@nba.com,731-626-8641,34 Anderson Trail,10/21/2020
27,eisaaksohnq,jY0IvC2Qs\U~y,mdibbsq@craigslist.org,398-416-4031,980 Harbort Lane,11/02/2022
28,tmcgowr,zU7Ag/G=h9mR}ohT,jcowenr@cyberchimps.com,983-445-8121,2679 Mandrake Pass,05/13/2021
29,rmansours,fG3X1=R.B)Y%_,lsilbys@phpbb.com,540-442-2581,6468 Elgar Alley,08/12/2023
30,cfitzsimonst,aI6l0weL,cbullcockt@devhub.com,428-777-1403,3 Northland Center,12/18/2020
31,vdalessiou,wK1(?PhH/,vpenningsu@arizona.edu,720-534-8460,872 Arrowood Court,04/08/2023
32,sbroodesv,"eX9dKmg,dn9`?%7{",npiggensv@npr.org,720-839-5431,574 Upham Crossing,05/01/2021
33,pmerryweatherw,zL6V_@}Z,cmackilpatrickw@live.com,974-115-9755,7 Northview Center,04/21/2022
34,wgolbournx,lT0h*$._N1vq6m,ccaghanx@bloglovin.com,236-505-6974,03 Brickson Park Crossing,04/16/2020
35,hwestfieldy,yR0*/UxfS@dKf,rdecleeny@delicious.com,586-356-5179,91565 Stephen Court,01/24/2022
36,gleonardz,sJ5{sJgav,wcallanderz@indiegogo.com,157-832-0981,6 Armistice Lane,06/04/2023
37,ebrodeau10,pC3\!KMc09$Ef<w,fmcanalley10@reuters.com,897-268-1899,40713 Lukken Circle,03/15/2021
38,dbrown11,"mA5n{vXo""m",ddriffield11@salon.com,990-145-9170,8 Kennedy Trail,08/15/2023
39,srainsbury12,"tI8x4C""c""!,qH!F",dvelde12@wix.com,112-164-0338,9 Morningstar Point,10/27/2021
40,rdowthwaite13,pD1t.ppk8%!($,cdredge13@independent.co.uk,214-183-1358,266 Vernon Hill,12/12/2022
41,kvoyce14,"aN25(T,?MZIr6=T",vcristofalo14@w3.org,916-584-3829,56 Monica Place,05/16/2022
42,mstollenwerck15,iT2R1}lF,acapsey15@google.co.jp,559-884-7589,28925 Spenser Court,01/10/2021
43,gjamot16,pR20wEq}cB(qf+y{,cplacstone16@nhs.uk,575-745-7143,89 Rutledge Junction,08/18/2022
44,tdepaepe17,"vY2peVBa<i,Rre7O",dcaukill17@hc360.com,639-721-8856,3573 Farwell Center,01/30/2020
45,dguihen18,nA0/PsRj!.Fx,sfreund18@1688.com,145-939-0155,92210 Thierer Parkway,11/06/2021
46,srosenfelder19,fR4<5`m>3C6a5\,bbonar19@cmu.edu,439-766-4823,1025 Tony Lane,10/24/2023
47,hmcelvine1a,nN75X80C,ghurch1a@amazon.com,667-955-9128,58989 Barnett Park,09/19/2023
48,dlenham1b,"rD5zvRc\T#""3",mstruis1b@elpais.com,383-475-8494,03712 Kipling Court,06/15/2020
49,rmaddaford1c,qA9Hq3_=J`O,mdavys1c@wikimedia.org,853-470-5157,36910 Armistice Circle,06/13/2020
50,kbarlass1d,"aK0=TC'a(.z,3oa",vdutchburn1d@bing.com,757-510-7766,60 Rockefeller Parkway,04/20/2023
51,mpeatt1e,jS2D~GF`,sfarnes1e@histats.com,569-821-8054,4245 Fremont Avenue,11/29/2021
52,dgrigolon1f,lE1*N5Nq}#,vhancke1f@over-blog.com,883-185-1715,46 Westport Circle,08/26/2020
53,kgrowy1g,yZ3_oP#=0UcRZ,csmardon1g@over-blog.com,912-748-7122,794 Dapin Alley,06/08/2020
54,grasell1h,pR6Aa<Q%,hshill1h@opera.com,125-530-0898,720 Delladonna Place,05/28/2022
55,ijephcote1i,kN2bS<(@w#71{,mcordobes1i@reddit.com,432-559-5207,7123 Ridgeway Way,01/30/2023
56,emasham1j,"kX9""2<4+4_ggLk",collie1j@shop-pro.jp,560-473-2172,11 Monterey Crossing,10/30/2022
57,creggiani1k,fB8xioD2*!PHhRr`,vmixer1k@infoseek.co.jp,622-548-2410,12 Northridge Terrace,07/26/2022
58,ggaler1l,"lH6D,LxTtny'v",egranleese1l@multiply.com,602-426-6373,54941 Porter Court,07/03/2021
59,lschimmang1m,uO9#d(+d,csmithin1m@over-blog.com,177-442-7591,05 Goodland Plaza,12/02/2021
60,mmaddams1n,"zS0%$+6P,azBTcf",gfarrans1n@virginia.edu,879-862-8772,738 Scott Way,03/28/2020
61,abrenstuhl1o,fH7f.G7e_=Z\Fq,hmacgee1o@wiley.com,657-913-1478,4614 Butternut Place,07/04/2023
62,tugoletti1p,"zJ43ZXaWS),g",vhulburt1p@howstuffworks.com,229-971-4826,0709 Sachs Circle,10/12/2023
63,srisen1q,oK1%Ht}5,obanger1q@squarespace.com,485-117-7248,67 Larry Terrace,05/19/2020
64,sdwyer1r,"wZ2%y%dS(,l8Ta""",mbrignall1r@google.com.br,957-533-3988,4675 Main Parkway,11/16/2022
65,cclausewitz1s,kA48%(u)~S){ki,gmcelane1s@upenn.edu,603-156-6429,811 Golf Course Hill,03/30/2023
66,eworboys1t,oH1~|mmH,otrayford1t@list-manage.com,784-842-9303,4 Springs Avenue,10/27/2020
67,lmacintyre1u,vT9cL*Hs\,mrheaume1u@state.tx.us,942-975-2221,91990 Green Place,11/01/2021
68,jvasyunin1v,eM9xz1@d,ssouthorn1v@yahoo.com,145-641-4078,82036 Menomonie Trail,03/19/2022
69,sjohnsey1w,lV2oYOlsaJu(UZ0,crawdales1w@uol.com.br,313-256-7835,4390 Westport Place,07/29/2023
70,nfloodgate1x,sA4OAD8+\l4D__,eropking1x@marketwatch.com,233-750-2160,126 School Pass,09/11/2022
71,lhinners1y,cF0QCo+N_,dparlatt1y@state.tx.us,726-820-5014,23818 Stang Parkway,02/27/2021
72,dpursey1z,"mE1lEfc/\""J.q",nchateau1z@skyrock.com,330-988-1509,74670 Lillian Street,06/27/2023
73,ldudill20,hY2>Tm&Jf,bcorkan20@google.com.au,584-477-3954,462 Derek Hill,01/21/2023
74,mhaggish21,"vP25,Q2c",mbenbrick21@phoca.cz,989-283-5590,3 Redwing Street,06/23/2021
75,avalenta22,nO8zU82w,pvayne22@tinyurl.com,418-114-0065,9 Mockingbird Street,11/24/2021
76,mmounfield23,yH1p76K*,rguerre23@oakley.com,393-567-2864,43752 Rusk Alley,01/30/2020
77,sdrewitt24,cW89.q+zq,smenguy24@istockphoto.com,907-578-4970,291 Kinsman Circle,10/08/2023
78,lscamaden25,xF3rzof*ObQ=?2X,mnegal25@dailymail.co.uk,739-687-2506,15157 Saint Paul Lane,01/14/2022
79,ilean26,fN2i|T%.lHg>z,pmyderscough26@mapy.cz,442-127-9267,79070 Vidon Court,04/10/2022
80,fmacrae27,bS7Sg/DlUN,aviger27@sakura.ne.jp,956-550-2686,1 Dawn Junction,08/17/2022
81,nporter28,kI121#F2,skohlerman28@state.gov,346-277-4627,0218 South Trail,06/24/2020
82,zdawtre29,hY6gy&>kyM,mgillison29@sun.com,711-360-7934,38 Saint Paul Junction,10/12/2021
83,wwilber2a,jK4RiSn)mUrSp?N,ecrankhorn2a@purevolume.com,396-732-0739,9 Colorado Trail,02/18/2020
84,fsawers2b,iH120'K_mYW>,amabbe2b@goo.gl,653-781-0563,978 Darwin Place,01/31/2021
85,dionn2c,hC5V1tY.?%M,lperell2c@ebay.co.uk,301-222-6638,41 Westerfield Street,05/04/2020
86,erossey2d,rS2@tx`JJy+\,rkuhlmey2d@europa.eu,579-432-8902,66 Hagan Parkway,03/17/2020
87,csivier2e,kT5az!(524%WMy,mgilbeart2e@addthis.com,293-862-3403,7112 Rigney Point,08/23/2021
88,klapre2f,gE8G`}G9A,screavin2f@wix.com,591-521-7854,14669 Eggendart Trail,10/22/2023
89,jedelmann2g,eH0D?>|p`3,swillacot2g@yahoo.co.jp,412-569-1149,128 Mifflin Drive,05/08/2020
90,rdoonican2h,mA9h5}n2fjS<,rcomusso2h@admin.ch,906-749-0609,53369 Lukken Avenue,08/17/2021
91,ascrivener2i,vU1IvW\%+,cbrickett2i@examiner.com,648-624-7959,51 Brown Lane,02/24/2023
92,jmorbey2j,zM2xbs1/`_H7,nroseborough2j@clickbank.net,899-678-8540,87329 Corben Parkway,11/17/2021
93,apadula2k,wY3@|~O8,ghainsworth2k@merriam-webster.com,690-895-9271,477 Monterey Avenue,06/11/2022
94,mancketill2l,"qE6fMM7c<O9""ur",scharnock2l@tripadvisor.com,888-339-4748,462 Rockefeller Park,08/30/2023
95,bguard2m,nQ3&9VCVp},bfuzzens2m@alexa.com,529-942-9209,2 Merchant Circle,07/17/2020
96,acrichmere2n,cL7Ex|yaIJ}z|ZK,arivalland2n@mayoclinic.com,821-226-9415,423 Monterey Junction,04/16/2023
97,shugill2o,wP9c+\g9@vdNP,dhawkett2o@craigslist.org,194-709-3705,15433 Logan Avenue,10/27/2021
98,spietzner2p,"kB4`&%/SOA>.wRi,",rgreatrakes2p@dell.com,158-587-7497,5 Florence Center,11/30/2021
99,pmaccartan2q,vP6T/>tMo,mfowler2q@yelp.com,772-719-1900,70 Pond Avenue,07/16/2020
100,cchallenor2r,nB4fO2V}VfN,ctheobalds2r@who.int,155-772-6558,173 Stoughton Plaza,09/18/2022
